description,hashtags,likes,comments,reposts,type,links/tags,link
"ğŸŒ The European Union is already taking action to address the threat of quantum computing ğŸŒ\n\nThe digital world is not static, it is constantly evolving! This huge dynamic results in the development of constant technological breakthroughs. Depending on their application, these technologies can offer remarkable benefits or, conversely, cause significant problems.\n\nCurrently used cybersecurity solutions cannot resist quantum attacks, which makes them particularly vulnerable to the upcoming technology. Imagine that bad actors are already downloading your encrypted information today, as they wait for the right quantum technology to decrypt it in the future, and get access to your private data, such as your confidential communications, financial transaction information, or health status.\n\nThis is not just a theoretical danger. In fact, it is such a significant threat that the European Union has promptly responded by introducing a comprehensive agenda for quantum cybersecurity in Europe.\n\nThis plan emphasizes the need for encryption that is both unbreakable and suitable for the post-quantum era, highlighting:\n\nâœ” The pressing importance of cybersecurity as a foundational pillar for Europe's economic stability;\n\nâœ” The vital need for a cohesive European strategy, in alignment with member states, to ensure a smooth transition to post-quantum security;\n\nâœ” The amplification of cooperation between the public and private sectors to robustly tackle this quantum threat.\n\nThis threat is no longer talk of the future, it is already a serious reality that the EU is taking action to protect against.\n\nWhat actions will you take to protect yourself?\n\nâœ‰ï¸ Contact us to find out more âœ‰ï¸\n\n\n\n#QuantumNovaÂ #QNova#quantumÂ #quantumcomputingÂ #quantumsecurityÂ #quantumscienceÂ #quantummechanicsÂ #cuttingedgetechnologyÂ #PostQuantumCryptographyÂ #cybersecurityÂ #cryptographyÂ #cybercrime","['#QuantumNova', '#QNova', '#quantum', '#quantumcomputing', '#quantumsecurity', '#quantumscience', '#quantummechanics', '#cuttingedgetechnology', '#PostQuantumCryptography', '#cybersecurity', '#cryptography', '#cybercrime']",3,0,0,Image,[],https://www.linkedin.com/feed/update/urn:li:activity:7091810639496585216
"Recently, the QuantumNova team has had the opportunity to connect and be energized by some of the top innovation minds around the world:Â Â Â Â Â ğŸŒ EU-Startups Summit in Barcelona:Â Â Â This was more than just an event, it was an encounter of startup enthusiasts full of energy and creativity!Â Â Â Â ğŸŒ Quantum Matter International Conference in Madrid:Â Â Â A mind-blowing experience that merged the science and technologies of quantum information and quantum matter to foster the incubation of fantastic new ideas.Â Â Â ğŸŒDublin Tech Summit 2023:Â Â Â During this, Dublin turned into the epicenter of the international tech scene, bringing together many of the world's biggest tech companies.Â Â Â Â ğŸŒ South Summit23 in Madrid:Â Â Â A truly inspiring event where entrepreneurs from all over the world meet, attend conferences, watch startup competitions, and have the opportunity to connect and share experiences.Â Â Â These amazing experiences allowed us to engage not only with other entrepreneurs but also with decision-makers and business leaders from several industries, who were highly receptive to learning how they could make their businesses more secure through quantum computing.Â Â Â Â We are thrilled and fully committed to bringing you the best data security solutions.Â Â Â Together we will shape the future of data security!Â Â Â Let's make it happen!\n\n#QuantumNovaÂ #QNova#quantumÂ #quantumcomputingÂ #quantumsecurityÂ #quantumscienceÂ #quantummechanicsÂ #cuttingedgetechnologyÂ #PostQuantumCryptographyÂ #cybersecurityÂ #cryptographyÂ #cybercrime","['#QuantumNova', '#QNova', '#quantum', '#quantumcomputing', '#quantumsecurity', '#quantumscience', '#quantummechanics', '#cuttingedgetechnology', '#PostQuantumCryptography', '#cybersecurity', '#cryptography', '#cybercrime']",4,0,0,Document,[],https://www.linkedin.com/feed/update/urn:li:activity:7091019395182850048
"If there's one thing cybersecurity experts agree on, it's that the quantum threat of Y2Q is on its way. \n\nğŸŒ But what is the Y2Q? ğŸŒ Y2Q means ""Year 2 Quantum"" but can also be referred to as Q-Day. In simple terms, it's the year when quantum computers become powerful enough to break today's encryption standards! It is expected to occur between 2 and 3 years from now. \n\nQuantum computers have nothing to do with the computers we know and use daily. They have the power to perform complex mathematical computations, optimization problems, and data-related tasks at an unprecedented pace, far beyond the capabilities of traditional computers. This results in classical computers being unable to resist attacks by their quantum counterparts. \n\nCryptographic solutions generally used such as RSA, DH, DSA may be enough to safeguard your data but will no longer serve when quantum computers can be accessed by bad actors. \n\nMoreover, current investigations by Harvard Business Review, MIT, and even McKinsey show that sensitive data is already being harvested from companies and institutions to be later decrypted by bad actors using quantum computing. \n\nGovernments and global institutions are now aware of the risks involved and are starting to take proactive steps to foster data security. Nevertheless, it is essential that the corporate players also take their part in creating a safer cybersecurity environment by setting in place an agenda focused on the transition to a post-quantum encryption world and reinforcing their corporate cryptographic agility to face emerging vulnerabilities. \n\nAt QuantumNova, we are focused and committed to helping the World make this transition with solutions that are already available and ready for this huge challenge. \n\nDon't wait for the Y2Q. Take action now! \n\nBe quantum. Be safe. \n\n\n\n#QuantumNova#QNova#quantum#quantumcomputing#quantumsecurity#quantumscience#quantummechanics#cuttingedgetechnology#PostQuantumCryptography#cybersecurity#cryptography#cybercrime","['#QuantumNova', '#QNova', '#quantum', '#quantumcomputing', '#quantumsecurity', '#quantumscience', '#quantummechanics', '#cuttingedgetechnology', '#PostQuantumCryptography', '#cybersecurity', '#cryptography', '#cybercrime']",3,0,0,Document,[],https://www.linkedin.com/feed/update/urn:li:activity:7090737447440977920
"In a world where cyber-attacks are becoming bigger, more frequent, and spanning across all sectors of the economy, preparation is key.Â Â Cybersecurity should not be taken lightly. As technology and complexity increase, so does the risk of a breach and its impacts, not only in economic terms but also in terms of reputation and credibility.Â Â Therefore, safeguarding your companyÂ´s data is a continuous process that requires focus, commitment, knowledge, and investment. Â Assuming you are already safe or that the threat is far, it might be the start of a vulnerability problem.Â Â For that reason, we at QuantumNova, start our methodological approach to customers by doing a network audit to check on the cybersecurity safety risks and vulnerabilities of the systems before implementing our solutions.Â Â Whereas knowing your data security status is crucial, reinforcing your cryptographic agility and starting the transition to a post-quantum defensive model is urgent. Â Â At QuantumNova we are specialized in the development of post-quantum cryptographic solutions that not only protect you from current possible cyber threats but create an unbreakable defensive barrier against future quantum attacks.Â Â Book an audit with us and check your cybersecurity status.Â The future is now! Be prepared!Â Â ğŸ“§ Contact us at andre.grilo@qnova.xyz ğŸ“§Â Â #QuantumNova #QNovaÂ #quantum #quantumcomputing #quantumsecurity #quantumscience #quantummechanics #cuttingedgetechnology #PostQuantumCryptography #cybersecurity #cryptography #cybercrimeÂ ","['#QuantumNova', '#QNova', '#quantum', '#quantumcomputing', '#quantumsecurity', '#quantumscience', '#quantummechanics', '#cuttingedgetechnology', '#PostQuantumCryptography', '#cybersecurity', '#cryptography', '#cybercrime']",5,0,0,Image,[],https://www.linkedin.com/feed/update/urn:li:activity:7089968186086895616
"The SaaS software stands for Software as a Service, and allows users to connect to cloud-based applications over the internet. Organizations are using SaaS applications more than ever before, it is known that on average each organization uses 130 applications like this one.Â About 40% of IT professionals admit that the amount of sensitive data introduced and stored is increasing, they also have difficulty securing user activities within SaaS applications. The line between security and IT is blurring!This means that as the number of these applications increases, so does the risk to the companies that adopt them. we challenge you to count how many SaaS applications your company uses, and get a small idea of the risk you run!Â Every application requires comprehensive cybersecurity preparation, management of vulnerabilities, and authentication control.Â Secure Your SaaS. Protect Now!#QuantumNovaÂ #QNova#quantumÂ #quantumcomputingÂ #quantumsecurityÂ #quantumscienceÂ #quantummechanicsÂ #cuttingedgetechnologyÂ #PostQuantumCryptographyÂ #cybersecurityÂ #cryptographyÂ #cybercrime #SaaS ","['#QuantumNova', '#QNova', '#quantum', '#quantumcomputing', '#quantumsecurity', '#quantumscience', '#quantummechanics', '#cuttingedgetechnology', '#PostQuantumCryptography', '#cybersecurity', '#cryptography', '#cybercrime', '#SaaS']",9,0,0,Image,[],https://www.linkedin.com/feed/update/urn:li:activity:7083052096857477120
"The end of internet security might be nearâ€¦ ğŸ’»\n\nThe clock is tickingâ€¦ â±ticâ€¦ tacâ€¦ ticâ€¦ tacâ€¦â± and only one to three years may separate us from Y2Q, the day when bad actors will be able to break todayâ€™s encryption and cryptographic keys.\n\nQuantum computing is developing at an unprecedented rate. The security of the traditional cryptographic systems we have today might be compromised by the threat of misuse of quantum computers. \n\nRight now, all around the world, secrets are being stolen and stored by bad actors ğŸ•µğŸ¼ as they wait for quantum computing to be able to decrypt them. This will enable them to access vital and confidential information sourced from different economic actors and sectors of activity, putting in jeopardy the defensive barriers of those companies and institutions, their credibility, and their future.\n\nIf your company was attacked today, how would you feel?\n\nDonâ€™t wait until itâ€™s too late.Take action now! Protect your data! ğŸ“„ğŸ”\n\n#QuantumNova #QNova#quantum #quantumcomputing #quantumsecurity #quantumscience #quantummechanics #cuttingedgetechnology #PostQuantumCryptography #PQC #Y2Q #cybersecurity #cryptography","['#QuantumNova', '#QNova', '#quantum', '#quantumcomputing', '#quantumsecurity', '#quantumscience', '#quantummechanics', '#cuttingedgetechnology', '#PostQuantumCryptography', '#PQC', '#Y2Q', '#cybersecurity', '#cryptography']",7,0,0,Document,[],https://www.linkedin.com/feed/update/urn:li:activity:7078032612367245312
"In a century when data is considered the new oil, cryptography becomes the indispensable armor to protect the heartbeat of companies, securing their commercial secrets, strategic information, and the unshakeable trust of customers.Â At QNova we are not just a provider of encryption solutionsâ€¦WE ARE A STRATEGIC PARTNER!Â Our team presents quantum-secure products while providing the ideal answer to safeguard the immensely sensitive IoT industry. By switching to a permanent post-quantum security posture now, you can defend your data, networks, linked devices, and communications against todayâ€™s threats and tomorrow's quantum attacks.Â Be quantum. Be safe.Â #QuantumNovaÂ #QNova #quantumÂ #quantumcomputingÂ #quantumsecurity #quantumscience #quantummechanics #cuttingedgetechnology Â #PostQuantumCryptographyÂ #cybersecurityÂ #cryptography #cybercrime","['#QuantumNova', '#QNova', '#quantum', '#quantumcomputing', '#quantumsecurity', '#quantumscience', '#quantummechanics', '#cuttingedgetechnology', '#PostQuantumCryptography', '#cybersecurity', '#cryptography', '#cybercrime']",6,0,0,Video,[],https://www.linkedin.com/feed/update/urn:li:activity:7080566592194887681
"Did you know that cyberattacks have dealt a crushing blow to American businesses?According to Comparitech's analysis, ransomware incidents alone have cost American businesses a staggering $20.9 billion between 2018 and 2023. In 2022, the average ransom demand reached a jaw-dropping $4.15 million for affected businesses.Scary numbers, don't you think? And we're still only talking about American companies...Moreover, it's important to realize that no sector of the economy is exempt from cyber threats. A survey conducted by the Center for Strategic &amp; International Studies revealed that 42% of small- and medium-sized businesses fell victim to cyberattacks in the past year. Shockingly, estimates suggest that 40% of cyberattacks in 2021 targeted these smaller businesses, marking a staggering 150% increase in attacks over the last two years (Harvard Business Review, 2023).These statistics underscore the urgent need for businesses of all sizes to prioritize cybersecurity and take proactive measures to protect themselves from potential threats.Which precautions are you taking to keep your company protected?\n\n#QuantumNovaÂ #QNova#quantumÂ #quantumcomputingÂ #quantumsecurityÂ #quantumscienceÂ #quantummechanicsÂ #cuttingedgetechnologyÂ #PostQuantumCryptographyÂ #cybersecurityÂ #cryptographyÂ #cybercrime","['#QuantumNova', '#QNova', '#quantum', '#quantumcomputing', '#quantumsecurity', '#quantumscience', '#quantummechanics', '#cuttingedgetechnology', '#PostQuantumCryptography', '#cybersecurity', '#cryptography', '#cybercrime']",6,0,0,Image,[],https://www.linkedin.com/feed/update/urn:li:activity:7081605902457331713
"The Internet of Things (IoT) and 5G tech are making our world more connected than ever. This is fantastic for business efficiency and everyday convenience. However, with each new connection, the risk of exposure grows. Remember, everything that's connected can be hacked! \n\nCybersecurity isn't just about protecting your own servers but also about understanding the vulnerabilities within your network of providers, partners, and even customers. Recent incidents have shown that a break in the supply chain's security can give hackers VIP access to your data. \n\nCyber threats don't respect boundaries and often sneak in through the most unsuspecting places, even our trusted supply chains. This brings us to the question:\n\n- Who's going to protect us? Securing our interconnected world requires a united front. Governments, businesses, and users need to work together to transform the internet into secure networks, insisting on human authentication and vigilant cyber guardians. \n\nIt's time to become more cyber aware, to understand the digital terrain we tread daily, and to protect our cyber selves. After all, we're all in this together! \n\nLet's make it happen! \n\n(Vartanian, 2023 at HBR).#QuantumNovaÂ #QNova#quantumÂ #quantumcomputingÂ #quantumsecurityÂ #quantumscienceÂ #quantummechanicsÂ #cuttingedgetechnologyÂ #PostQuantumCryptographyÂ #cybersecurityÂ #cryptographyÂ #cybercrime","['#QuantumNova', '#QNova', '#quantum', '#quantumcomputing', '#quantumsecurity', '#quantumscience', '#quantummechanics', '#cuttingedgetechnology', '#PostQuantumCryptography', '#cybersecurity', '#cryptography', '#cybercrime']",11,0,0,Image,[],https://www.linkedin.com/feed/update/urn:li:activity:7082332561649147904
"ğŸ‘©ğŸ¼â€ğŸ”¬ Researchers found that in 2022, about 721.5 million online credentials were exposed. Many of these credentials were collected from third-party business applications, which were previously exposed to malware ğŸ“±ğŸ’».\n\nWhat makes this scenario even scarier, is knowing that even after being attacked, 72% of these businesses still kept the ğŸ”‘ exact same passwords ğŸ”‘, leaving an open door for new online invasions and putting their customers' data at risk again ğŸ”“. - Data presented in the recently released ""2023 Annual Identity Exposure Report"" by SpyCloud, a leader in operationalizing Cybercrime Analytics (C2A). \n\nIf this is happening now, imagine in the future. Are you waiting to be next?Â #QuantumNovaÂ #QNova #quantumÂ #quantumcomputingÂ #quantumsecurity #quantumscience #quantummechanics #cuttingedgetechnologyÂ  #PostQuantumCryptography #cybersecurityÂ #cryptography #cybercrimeÂ ","['#QuantumNova', '#QNova', '#quantum', '#quantumcomputing', '#quantumsecurity', '#quantumscience', '#quantummechanics', '#cuttingedgetechnology', '#PostQuantumCryptography', '#cybersecurity', '#cryptography', '#cybercrime']",8,0,0,Image,[],https://www.linkedin.com/feed/update/urn:li:activity:7079064900504887296
"Who are we?\n\nWe are a young dynamic team, ready to empower businesses, institutions, and governments with cutting-edge security solutions to face the Years to Quantum (Y2Q) threat.\n\nOur technology, based on post-quantum cryptography, guarantees the safety of your data without the need for the processing capacity of a quantum computer. \n\nOur mission is to develop cryptographic algorithm technology that is resistant to attacks from quantum computers.\n\nEnterprise executives, representatives of the government, and companies may be certain that their data is future-proof with the help of our solution.\n\nFollow us and donâ€™t miss the next updates to learn more about our company.\n\nThe future is now. Be prepared. \n\nWant to know more about us? Contact us!\n\n#QuantumNovaÂ #QNovaÂ #quantumÂ #quantumcomputingÂ #quantumsecurity #quantumscience #quantummechanicsÂ #cuttingedgetechnologyÂ #PostQuantumCryptographyÂ #cybersecurityÂ #cryptographyÂ #cybercrime","['#QuantumNova', '#QNova', '#quantum', '#quantumcomputing', '#quantumsecurity', '#quantumscience', '#quantummechanics', '#cuttingedgetechnology', '#PostQuantumCryptography', '#cybersecurity', '#cryptography', '#cybercrime']",7,3,1,Image,[],https://www.linkedin.com/feed/update/urn:li:activity:7079790827299905537
"Hello ğŸ‘‹ğŸ¼,\n\nWe areÂ #QuantumNova, you may also hear about us by the name of our brandÂ #QNova.\n\nOur team got one of the largest pre-seed investments ever made in the history of start-ups in Portugal, even before we had a finalized product ready to be commercialized! ğŸ’°ğŸ’¼\n\nProbably at this moment, you are wondering what is so special about this young team to get such a large investment even before having a product ready to be commercialized. The answer is simple:Â a talented team of young people committed to making cyberspace a safer place and incredible investors who believed in us. ğŸ§‘ğŸ½â€ğŸ’»ğŸ‘©ğŸ»â€ğŸ’»\n\nDo you still not know the benefits and risks of quantum computing? Follow us to receive fresh information about this world and stay updated, safe, and a step ahead of your competitors! ğŸŒğŸ”ğŸ’»\n\n#QuantumNovaÂ #QNova#quantumÂ #quantumcomputingÂ #cuttingedgetechnologyÂ #PostQuantumCryptographyÂ #PQCÂ #Y2QÂ #cybersecurityÂ #cryptography#startupÂ #angelsÂ #innovationÂ #techrevolution Startup Lisboa","['#QuantumNova,', '#QNova.', '#QuantumNova', '#QNova', '#quantum', '#quantumcomputing', '#cuttingedgetechnology', '#PostQuantumCryptography', '#PQC', '#Y2Q', '#cybersecurity', '#cryptography', '#startup', '#angels', '#innovation', '#techrevolution']",8,0,2,Image,['www.linkedin.com/company/startuplisboa/'],https://www.linkedin.com/feed/update/urn:li:activity:7076521589495742464
